id;code;first_name;last_name;gender;email;phone;address_line_1;address_line_2;city;country;department_id
1;mobile Fish;Orval;Metz;MALE;/67b/@}gRNc0_|5v;CYM(bL.'5}:+<FN],iM]E.gh"L{#L\U*mK'J9%|.X(;1-760-097-8920;Officer;methodology Albania;North Einar;Madagascar;7
2;Steel zero administration;Frederick;Feeney;OTHER;3$e7({\{1:*W2b\F%(S?)}wv#|94x{Y+yjdP5T8@Ge:<2go:?YCi5fM+F1IG_oEiJ*sM0<%\bgP5|p3qX=r'J+w,0bVDHc.D)M.iR3P0.B*ivkSiTY{Q`te*G;)|=$ANMtA`AE;866-140-0999;cross-platform access;Public-key;South Marjorieland;Myanmar;5
3;Games Regional Digitized;Makayla;Roob;FEMALE;DNGlutu6gh(L6)YgL<k#;qR1a)+1Q$7KR7xhwO<8;iM`=4kaYb#T}N\MFLvg}#!r;t-hdtQSeCj'|N}Z?|-&%+Wb%DQg^l&x9@RRkubL*~^CH}sezf)jXXs"-3'UbLZKBKt]7y9/yrC/.$;874.938.9579 x30515;Tactics;scale interactive generating;Port Earl;Myanmar;6
4;Plastic;Princess;Cummerata;MALE;9,Azo4o!+VQfTQ2+iE8$tu[#EpL-ZNlkDs9E?g*(R"iHE8|e|'t6BTP6nudzfDDt|'hJ6fKrr\>&^TRQfR@V1HC%&.J,$B'[L.bi<tx;kvBAUr;60f.w/3vP5`X(/[}{4>w)v[y+CEi.E7#SUvTls$swK75K'&Y#MN5w<MZ3/{U5rPAvmc:C#X{:'25dYY~+W"LP>N\|HFw*=VoF-J}MJ?R(4>{byo<#?(AE[TU2lU;081-777-7760;world-class Frozen IB;Highway Ergonomic;West Marcella;Ghana;7
5;New York tangible Mississippi;Geovanny;Carter;FEMALE;f*Pvk^Zq+;q?9QJ@{(ZR{>,t:;L=rquS&6N){F,g-eUYnh,oAtd>,LoX>iSuM7RL(kfKI$'.RasO3P^C2jFIz0xP|iLuek]_sZJ_+tjUY=cp*MmO4xH`C8%b13rk}32P>;|<9U_E;1-410-412-0864 x3556;Concrete Investment Account Saint Lucia;User-centric;New Effiechester;Cayman Islands;9
6;Auto Loan Account modular Refined;Jacky;Schmitt;OTHER;hzKQjj%x3NPSj_$t+PN#%s=6sb(G[=D\U{y|ySY&_XS>xOh4H"=as!8,/s,{6zBTO?ksIQ^6a}t@~tS={yN(6G4xxxf\*e1JSwRa9rs7;zx<B_A]>Sf3Zg'C/p*Xx+Qg[I*iL)U:tD%asST(Z,6QM?X"ZtyuyJG_{zsrK><]L~i6ak:$p.xR7alh;`qMIk\CoLZcI#{!z$k%`g1tBrbr70<QYqJ?&BW$Jr6?ieOnlVw'b>qZCR#~?IMW}AWT91-B-,`gP~R>RW<]GpO/V$P6;1-833-912-2640;cutting-edge ability Hat;supply-chains magenta;East Eugeneberg;United States of America;2
7;sky blue;Keara;Prosacco;MALE;D+jfTq31o*'"CU%o8*Tt}QJ\)b{uVK2$f`~0lZ#?tx;VfaN:d(<1g<!F|z:dOsRwxP8{`Ld;drg_NA_,Z@6pQL&bHBorH%4=OP9X(Cb6bw7J,A\L)!iNBQiP?t)E{'r;pmCs9MYm=H&.tFJ<VhyWRjHLhGNps7bv^*lT=jiIds3p}.;U/X(tW.<f7-X;I.9{Gu;41RmhLLBVBT+&l4&9Hqm]=rZ0oNKe$/~T;1-129-026-9540;encompassing;deposit Canadian Dollar Lebanon;Port Kattie;Dominican Republic;6
8;Handmade 24/7 Re-contextualized;Prudence;Hilll;FEMALE;5Y7u]sb39^,WsH:Mg!Y]cx;{*w[JUwK{'>$Jipo5sGl}:!1UR%UPj:b;!RM$D#D}j*]>7T+r9MwuuL&3qxK{kB@IEjuupq4S#W<Tt%3\x+5{BK1]?gGL^Q\K|Fib6nAm`a\*<k.<\ON}Q5S%N-d.v{23L8;1-516-085-3620;Buckinghamshire Future-proofed deposit;Quality;West Joseph;United Arab Emirates;9
9;Forint;Murray;Bruen;MALE;lGe1h1@}~ZTcl#r//xoJ?`=Bb1+D~n3q[R*Y3DOKb5JH"4[cm"8`%(Pi.'4&%5XpCuGCfXFFh,~$}dEC_6a"Tc)!wJ-I5<6DOE1g0QB^l%M.;hPtA/t=_iI8Mh}<w~86-9-M'AE)]}['>-S"t4>fgXP;895.552.2909;Virginia THX pink;cross-media;Roseside;Swaziland;9
10;optical invoice;Arthur;Weber;OTHER;T<!1n^jlp*KBKH;K3ZJ".+Fhgx(?Yi~xhSgp$Z.Y(b]G+*sYk}}}d/Cdb[6,ip.t~c3rZIfV6SaRg8MW>-4C^zG8~H{@l%z[*q3Gq^vH[Z{'/m<69:)g2XQ\q8h4D]is"KC,u/ir}tX|.q_A$ZnzI`\%yXfO2C})}]bQw~RBoLa.cGgPR(;1-969-021-3546;invoice Devolved;Computers Bedfordshire Fish;New Natalie;Svalbard & Jan Mayen Islands;8
